"0","distribucion <- readxl::read_xlsx( ""Datos/Fallecidos_30_7_2021.xlsx"" ) %>% "
"0","  as.data.frame()"
"0","distribucion <- distribucion %>% "
"0","  mutate(year = lubridate::year( lubridate::ymd( Fecha ) ))"
"0",""
"0","distribucion2 <- readxl::read_xlsx( ""Datos/Fallecidos_30_7_2021_acumulado.xlsx"" ) %>% "
"0","  as.data.frame()"
"0","distribucion2 <- distribucion2 %>% "
"0","  mutate(year = lubridate::year( lubridate::ymd( Fecha ) ))"
"0",""
"0","cantones <- distribucion %>% "
"0","  select(Nombre_canton) %>% "
"0","  distinct() %>% "
"0","  filter(Nombre_canton != ""Otros"") %>% "
"0","  arrange(Nombre_canton) %>% "
"0","  as.vector()"
"0",""
"0","poblacion <- readxl::read_xlsx( ""Datos/Pob_cantonal.xlsx"" )"
"0",""
"0","esperanza <- readxl::read_xlsx( ""Datos/Esperanza de vida por grupos de edad.xlsx"" )"
"0","esperanza <- esperanza %>% "
"0","  arrange( desc( year ))"
