"0","avpp_por_canton_2020 = matrix(0, nrow = nrow( cantones ), ncol = 6 )"
"0","colnames( avpp_por_canton_2020 ) = c(""Cantón"", ""Año"", ""AVPP"", ""Tasa AVPP"", ""Media AVPP"", ""Defunciones"")"
"0","avpp_por_canton_acum = avpp_por_canton_2021 = avpp_por_canton_2020"
"0",""
"0",""
"0","for (i in 1:nrow( cantones )) {"
"0","  avpp_por_canton_2020[i,] = avpp_por_canton(distribucion, cantones[i,], poblacion$Pob2020, 2020)"
"0","  avpp_por_canton_2021[i,] = avpp_por_canton(distribucion, cantones[i,], poblacion$Pob2021, 2021)"
"0","  avpp_por_canton_acum[i,] = avpp_por_canton(distribucion2, cantones[i,], poblacion$Pob2021, 2021)"
"0","}"
"0",""
"0","avpp_por_canton_2020 <- avpp_por_canton_2020 %>% as_tibble()"
"0","avpp_por_canton_2020 <- avpp_por_canton_2020 %>% "
"0","  mutate(AVPP = as.numeric(AVPP),"
"0","         `Tasa AVPP` = as.numeric(`Tasa AVPP`),"
"0","         `Media AVPP` = as.numeric(`Media AVPP`),"
"0","         Defunciones = as.numeric(Defunciones))"
"0",""
"0","avpp_por_canton_2021 <- avpp_por_canton_2021 %>% as_tibble()"
"0","avpp_por_canton_2021 <- avpp_por_canton_2021 %>% "
"0","  mutate(AVPP = as.numeric(AVPP),"
"0","         `Tasa AVPP` = as.numeric(`Tasa AVPP`),"
"0","         `Media AVPP` = as.numeric(`Media AVPP`),"
"0","         Defunciones = as.numeric(Defunciones))"
"0",""
"0","avpp_por_canton_acum <- avpp_por_canton_acum %>% as_tibble()"
"0","avpp_por_canton_acum <- avpp_por_canton_acum %>% "
"0","  mutate(AVPP = as.numeric(AVPP),"
"0","         `Tasa AVPP` = as.numeric(`Tasa AVPP`),"
"0","         `Media AVPP` = as.numeric(`Media AVPP`),"
"0","         Defunciones = as.numeric(Defunciones))"
