"0","avpp_por_canton = function(datos, canton, pob_year, years){"
"0","  "
"0","  base = datos %>% "
"0","    filter(Nombre_canton == canton & year == years)"
"0","  base2 = pob_year[poblacion$Canton2==canton]"
"0","  "
"0","  edades <- c()"
"0","  "
"0","  for (i in 1:nrow(esperanza)) edades[i] = sum(base[,i+5])*(esperanza$espe[i]-(i*5-2.5))"
"0","  "
"0","  edades <- edades %>% as_tibble()"
"0","  "
"0","  cant = unique( base$Nombre_canton )"
"0","  AVPP = sum( edades )"
"0","  Tasa_AVPP = as.numeric(AVPP*100000/base2) "
"0","  Media_AVPP = AVPP/sum( base$Fallecido_Total )"
"0","  Media_AVPP = replace_na(Media_AVPP, 0)"
"0","  Defunciones = base %>% select(Fallecido_Total) %>% colSums()"
"0","  "
"0","  resultados = c(cant, years, AVPP, Tasa_AVPP, Media_AVPP, Defunciones)"
"0","  names(resultados) = c(""Cantón"", ""Año"", ""AVPP"", ""Tasa AVPP"", ""Media AVPP"", ""Defunciones"")"
"0","  return(resultados)"
"0","  "
"0","}"
