{"chunk_definitions":[{"row":9,"row_count":1,"visible":true,"expansion_state":0,"options":{"engine":"r","label":"librerias/directorio de trabajo"},"document_id":"F4FD3355","chunk_id":"cvtyk4v6tw8yf","chunk_label":"librerias/directorio de trabajo"},{"row":34,"row_count":1,"visible":true,"expansion_state":0,"options":{"engine":"r","label":"carga de datos"},"document_id":"F4FD3355","chunk_id":"cbajau8mk8uy7","chunk_label":"carga de datos"},{"row":61,"row_count":1,"visible":true,"expansion_state":0,"options":{"engine":"r","label":"cálculos por edad"},"document_id":"F4FD3355","chunk_id":"ckrkgplwyuody","chunk_label":"cálculos por edad"},{"row":95,"row_count":1,"visible":true,"expansion_state":0,"options":{"engine":"r","label":"estimaciones cantonales"},"document_id":"F4FD3355","chunk_id":"c0jhnd15e7joi","chunk_label":"estimaciones cantonales"},{"row":156,"row_count":1,"visible":true,"expansion_state":0,"options":{"engine":"r","label":"RESULTADOS"},"document_id":"F4FD3355","chunk_id":"cz8dg1jn8cu5u","chunk_label":"RESULTADOS"}],"doc_write_time":1628279998}